product_id,store_id,brand_id,wmape
4,3,1,14.571428571428571
1,1,0,12.857142857142858
1,2,0,12.857142857142858
1,0,0,12.571428571428571
2,1,1,12.571428571428571
